TransactionID,id_27
2987099,Found
2987188,Found
2988062,Found
2988064,Found
2988389,Found
2988702,Found
2988706,Found
2988714,Found
2988717,Found
2988749,Found
2988823,Found
2989433,Found
2989804,Found
2990038,Found
2990059,Found
2990065,Found
2990114,Found
2990178,Found
2990559,Found
2990645,Found
2990796,Found
2990827,Found
2990835,Found
2990906,Found
2990909,Found
2990965,Found
2991105,Found
2991291,Found
2991359,Found
2991360,Found
2991412,Found
2991464,Found
2991766,Found
2992145,Found
2992164,Found
2992173,Found
2992407,Found
2992483,Found
2992495,Found
2992587,Found
2992668,Found
2992672,Found
2992936,Found
2993109,Found
2993184,Found
2993187,Found
2993284,Found
2993934,Found
2994206,Found
2995038,Found
2995041,Found
2995604,Found
2996185,Found
2996203,Found
2996251,Found
2996253,Found
2996483,Found
2996484,Found
2996488,Found
2996608,Found
2997410,Found
2997414,Found
2997422,Found
2997686,Found
2997852,Found
2998038,Found
2998136,Found
2998173,Found
2998180,Found
2998482,Found
2999193,Found
2999339,Found
2999909,Found
3000267,Found
3000378,Found
3000494,Found
3000671,Found
3000685,Found
3000724,Found
3000740,Found
3000745,Found
3000756,Found
3000803,Found
3000937,Found
3000966,Found
3000969,Found
3000984,Found
3000993,Found
3001003,Found
3001099,Found
3001232,Found
3001268,Found
3001337,Found
3001366,Found
3001477,Found
3001579,Found
3001593,Found
3001614,Found
3001815,Found
3001818,Found
3001829,Found
3001890,Found
3001936,Found
3001938,Found
3001964,Found
3002037,Found
3002309,Found
3002334,Found
3002346,Found
3002381,NotFound
3002808,Found
3002875,Found
3002879,Found
3003141,Found
3003301,Found
3003966,Found
3003969,Found
3004035,Found
3004092,Found
3004339,Found
3004384,Found
3004601,Found
3004653,Found
3004664,Found
3004808,Found
3004823,Found
3004835,Found
3004973,Found
3004977,Found
3005008,Found
3005020,Found
3005062,Found
3005119,Found
3005156,Found
3005160,Found
3005207,Found
3005211,Found
3005219,Found
3005301,Found
3005411,Found
3005416,Found
3005422,Found
3005475,Found
3005568,Found
3005582,Found
3005632,Found
3005675,Found
3005676,Found
3005682,Found
3005699,Found
3005733,Found
3005747,Found
3005793,Found
3005815,Found
3005891,Found
3005918,Found
3005924,Found
3005946,Found
3006029,Found
3006053,Found
3006062,Found
3006139,Found
3006174,Found
3006237,Found
3006400,Found
3006411,Found
3006471,Found
3006478,Found
3006487,Found
3006491,Found
3006521,Found
3006527,Found
3006569,Found
3006709,Found
3006727,Found
3006764,Found
3007170,Found
3007459,Found
3007599,Found
3007729,Found
3007745,Found
3008154,Found
3008184,Found
3008248,Found
3008249,Found
3008250,Found
3008252,Found
3008257,Found
3008275,Found
3008313,Found
3008331,Found
3008433,Found
3008436,Found
3008440,Found
3008468,Found
3008471,Found
3008473,Found
3008476,Found
3008479,Found
3008480,Found
3008623,Found
3008748,Found
3008813,Found
3008825,Found
3008827,Found
3008829,Found
3008837,Found
3008877,Found
3008893,Found
3009003,Found
3009035,Found
3009050,Found
3009071,Found
3009075,Found
3009115,Found
3009139,Found
3009149,Found
3009174,Found
3009188,Found
3009191,Found
3009242,Found
3009353,Found
3009488,Found
3009532,Found
3009554,Found
3009742,Found
3009779,Found
3009993,Found
3010033,Found
3010101,Found
3010123,Found
3010195,Found
3010252,Found
3010576,Found
3010871,Found
3010880,Found
3010900,Found
3011111,Found
3011130,Found
3011273,Found
3011294,Found
3011794,Found
3011852,Found
3011867,Found
3011911,Found
3011912,Found
3011913,Found
3011974,Found
3012161,Found
3012200,Found
3012216,Found
3012247,Found
3012249,Found
3012297,Found
3012310,Found
3012314,Found
3012317,Found
3012360,Found
3012399,Found
3012402,Found
3012405,Found
3012429,Found
3012480,Found
3012487,Found
3012495,Found
3012571,Found
3012603,Found
3012609,Found
3012621,Found
3012657,Found
3012662,Found
3012670,Found
3012784,Found
3012793,Found
3012797,Found
3012802,Found
3012845,Found
3012880,Found
3012981,Found
3012985,Found
3013001,Found
3013209,Found
3013263,Found
3013393,Found
3013451,Found
3013800,Found
3013840,Found
3014060,Found
3014166,Found
3014361,Found
3014554,Found
3014580,Found
3015126,Found
3015449,Found
3015497,Found
3015531,Found
3015541,Found
3015542,Found
3015543,Found
3015548,Found
3015874,Found
3015952,Found
3016038,Found
3016051,Found
3016253,Found
3016273,Found
3016277,Found
3016334,Found
3016502,Found
3016506,Found
3016534,Found
3016586,Found
3016624,Found
3016672,Found
3016736,Found
3016785,Found
3016868,Found
3016872,Found
3016980,Found
3017032,Found
3017062,Found
3017068,Found
3017077,Found
3017097,Found
3017134,Found
3017183,Found
3017468,Found
3017479,Found
3017538,Found
3017598,Found
3017907,Found
3018134,Found
3018370,Found
3018471,Found
3018659,Found
3019216,Found
3019238,Found
3019571,Found
3019647,Found
3019649,Found
3019688,Found
3019817,Found
3019955,Found
3019997,Found
3020187,Found
3020218,Found
3020305,Found
3020504,Found
3020577,Found
3020649,Found
3020756,Found
3020800,Found
3020887,Found
3020889,Found
3020891,Found
3020903,Found
3020909,Found
3020985,Found
3021291,Found
3021336,Found
3021687,Found
3021931,Found
3022023,Found
3022157,Found
3022198,Found
3022470,Found
3022575,Found
3022813,Found
3023054,Found
3023128,Found
3023131,Found
3023133,Found
3023136,Found
3023140,Found
3023144,Found
3023148,Found
3023174,Found
3023179,Found
3023182,Found
3023187,Found
3023235,Found
3023443,Found
3023473,Found
3023474,Found
3023705,Found
3023965,Found
3024002,Found
3024043,Found
3024078,Found
3024510,Found
3024548,Found
3024880,Found
3024897,Found
3024907,Found
3024908,Found
3024998,Found
3025128,Found
3025209,Found
3025551,Found
3025559,Found
3025560,Found
3025565,Found
3025606,Found
3025847,Found
3026120,Found
3026265,Found
3026421,Found
3026461,Found
3026669,Found
3026672,Found
3026680,Found
3026681,Found
3026700,Found
3026702,Found
3026753,Found
3026886,Found
3026924,Found
3026958,Found
3027052,Found
3027160,Found
3027224,Found
3027255,Found
3027260,Found
3027262,Found
3027287,Found
3027288,Found
3027391,Found
3027446,Found
3027469,Found
3027473,Found
3027485,Found
3027486,Found
3027491,Found
3027492,Found
3027494,Found
3027542,Found
3027571,Found
3027580,Found
3027651,Found
3027662,Found
3027697,Found
3027753,Found
3027818,Found
3027821,Found
3027822,Found
3027844,Found
3027973,Found
3027977,Found
3027981,Found
3028013,Found
3028018,Found
3028033,Found
3028077,Found
3028087,Found
3028150,Found
3028175,Found
3028203,Found
3028230,Found
3028275,Found
3028361,Found
3028420,Found
3028495,Found
3028513,Found
3028560,Found
3028592,Found
3028618,Found
3028686,Found
3028728,Found
3028814,Found
3028823,Found
3028840,Found
3028995,Found
3029067,Found
3029152,Found
3029250,Found
3029257,Found
3029258,Found
3029360,Found
3029370,Found
3029406,Found
3029524,Found
3029536,Found
3029611,Found
3029699,Found
3029734,Found
3029865,Found
3029964,Found
3030087,Found
3030135,Found
3030184,Found
3030506,Found
3030830,Found
3030849,Found
3031003,Found
3031005,Found
3031596,Found
3031604,Found
3031629,Found
3031754,Found
3031761,Found
3031816,Found
3031902,Found
3031940,Found
3032000,Found
3032007,Found
3032014,Found
3032173,Found
3032190,Found
3032220,Found
3032265,Found
3032267,Found
3032288,Found
3032298,Found
3032366,Found
3032390,Found
3032447,Found
3032482,Found
3032491,Found
3032565,Found
3032661,Found
3032676,Found
3032687,Found
3032747,Found
3032791,Found
3032806,Found
3032823,Found
3032931,Found
3033031,Found
3033096,Found
3033102,Found
3033135,Found
3033141,Found
3033159,Found
3033173,Found
3033183,Found
3033306,Found
3033312,Found
3033322,Found
3033335,Found
3033603,Found
3033622,Found
3033648,Found
3033659,Found
3033715,Found
3033720,Found
3033725,Found
3033733,Found
3033744,Found
3033747,Found
3033873,Found
3033915,Found
3034177,Found
3034346,Found
3034368,Found
3034415,Found
3034422,Found
3034593,Found
3034869,Found
3034893,Found
3034911,Found
3035173,Found
3035201,Found
3035701,Found
3035720,Found
3035765,Found
3035823,Found
3035851,Found
3035860,Found
3035864,Found
3036027,Found
3036077,Found
3036120,Found
3036156,Found
3036158,Found
3036160,Found
3036163,Found
3036164,Found
3036171,Found
3036172,Found
3036173,Found
3036211,Found
3036305,Found
3036316,Found
3036339,Found
3036345,Found
3036432,Found
3036504,Found
3036506,Found
3036557,Found
3036558,Found
3036562,Found
3036606,Found
3036612,Found
3036616,Found
3036617,Found
3036621,Found
3036623,Found
3036632,Found
3036634,Found
3036637,Found
3036658,Found
3036685,Found
3036742,Found
3036750,Found
3036790,Found
3036813,Found
3036863,Found
3036934,Found
3037099,Found
3037109,Found
3037111,Found
3037113,Found
3037139,Found
3037147,Found
3037153,Found
3037167,Found
3037210,Found
3037333,Found
3037480,Found
3037482,Found
3037486,Found
3037516,Found
3037518,Found
3037521,Found
3037544,Found
3037557,Found
3037699,Found
3037861,Found
3037912,Found
3037968,Found
3038033,Found
3038043,Found
3038046,Found
3038160,Found
3038205,Found
3038388,Found
3038693,Found
3038775,Found
3038797,Found
3039094,Found
3039209,Found
3039392,Found
3039396,Found
3039401,Found
3039404,Found
3039406,Found
3039412,Found
3039509,Found
3039660,Found
3039687,Found
3039862,Found
3039864,Found
3039923,Found
3039936,Found
3039961,Found
3039963,Found
3039981,Found
3040042,Found
3040172,Found
3040251,Found
3040298,Found
3040302,Found
3040310,Found
3040312,Found
3040326,Found
3040347,Found
3040371,Found
3040406,Found
3040442,Found
3040466,Found
3040515,Found
3040582,Found
3040636,Found
3040641,Found
3040651,Found
3040654,Found
3040658,Found
3040725,Found
3040763,Found
3040822,Found
3040865,Found
3040877,Found
3040884,Found
3040891,Found
3040927,Found
3040948,Found
3040954,Found
3040959,Found
3040961,Found
3040964,Found
3040971,Found
3040985,Found
3040991,Found
3041098,Found
3041138,Found
3041251,Found
3041269,Found
3041324,Found
3041347,Found
3041370,Found
3041371,Found
3041375,Found
3041378,Found
3041449,Found
3041463,Found
3041465,Found
3041530,Found
3041588,Found
3041630,Found
3041694,Found
3041726,Found
3041937,Found
3042038,Found
3042052,Found
3042074,Found
3042220,Found
3042344,Found
3042347,Found
3042356,Found
3042583,Found
3042596,Found
3042598,Found
3042781,Found
3042813,Found
3042926,Found
3043006,Found
3043140,Found
3043404,Found
3043467,Found
3043631,Found
3043677,Found
3043777,Found
3043819,Found
3043950,Found
3043960,Found
3043978,Found
3044138,Found
3044321,Found
3044362,Found
3044434,Found
3044555,Found
3044591,Found
3044656,Found
3044663,Found
3044665,Found
3044713,Found
3044720,Found
3044734,Found
3044750,Found
3044788,Found
3044824,Found
3044833,Found
3044883,Found
3044962,Found
3044964,Found
3044992,Found
3045091,Found
3045153,Found
3045309,Found
3045332,Found
3045382,Found
3045452,Found
3045518,Found
3045588,Found
3045653,Found
3045747,Found
3045927,Found
3045989,Found
3046117,Found
3046199,Found
3046233,Found
3046266,Found
3046398,Found
3046441,Found
3046499,Found
3046583,Found
3046656,Found
3046662,Found
3046714,Found
3046727,Found
3046728,Found
3046806,Found
3046915,Found
3046964,Found
3047013,Found
3047020,Found
3047064,Found
3047105,Found
3047109,Found
3047142,Found
3047162,Found
3047201,Found
3047207,Found
3047219,Found
3047358,Found
3047397,Found
3047410,Found
3047512,Found
3047537,Found
3047542,Found
3047550,Found
3047558,Found
3047669,Found
3047689,Found
3047746,Found
3047747,Found
3047764,Found
3047772,Found
3047829,Found
3047831,Found
3047913,Found
3048112,Found
3048185,Found
3048229,Found
3048303,Found
3048315,Found
3048449,Found
3048515,Found
3048560,Found
3048590,Found
3048634,Found
3048680,Found
3048683,Found
3048707,Found
3048714,Found
3048878,Found
3048886,Found
3048887,Found
3048888,Found
3048891,Found
3048898,Found
3048910,Found
3049020,Found
3049046,Found
3049048,Found
3049104,Found
3049252,Found
3049320,Found
3049416,Found
3049461,Found
3049480,Found
3049637,Found
3049687,Found
3049705,Found
3049706,Found
3049734,Found
3049766,Found
3049802,Found
3049925,Found
3050153,Found
3050284,Found
3050337,Found
3050405,Found
3050527,Found
3050546,Found
3050551,Found
3050599,Found
3050649,Found
3050667,Found
3050930,Found
3051020,Found
3051031,Found
3051120,Found
3051150,Found
3051404,Found
3051509,Found
3051530,Found
3051714,Found
3051797,Found
3052057,Found
3052178,Found
3052242,Found
3052340,Found
3052358,Found
3052412,Found
3052425,Found
3052525,Found
3052538,Found
3052555,Found
3052697,Found
3052848,Found
3052924,Found
3052928,Found
3052931,Found
3052936,Found
3053028,Found
3053050,Found
3053180,Found
3053315,Found
3053373,Found
3053403,Found
3053447,Found
3053524,Found
3053693,Found
3053696,Found
3053733,Found
3053887,Found
3054078,Found
3054173,Found
3054271,Found
3054310,Found
3054445,Found
3054635,Found
3054766,Found
3054984,Found
3055143,Found
3055211,Found
3055276,Found
3055284,Found
3055315,Found
3055373,Found
3055586,Found
3055746,Found
3055784,Found
3055787,Found
3055930,Found
3055987,Found
3056048,Found
3056164,Found
3056226,Found
3056743,Found
3057041,Found
3057116,Found
3057330,Found
3057350,Found
3057398,Found
3057592,Found
3057644,Found
3057683,Found
3057825,Found
3057838,Found
3057847,Found
3057884,Found
3057910,Found
3058026,Found
3058044,Found
3058047,Found
3058102,Found
3058122,Found
3058140,Found
3058145,Found
3058173,Found
3058204,Found
3058269,Found
3058282,Found
3058314,Found
3058329,Found
3058342,Found
3058348,Found
3058393,Found
3058399,Found
3058444,Found
3058527,Found
3058529,Found
3058535,Found
3058542,Found
3058573,Found
3058575,Found
3058622,Found
3058623,Found
3058655,Found
3058721,Found
3058736,Found
3058757,Found
3058763,Found
3058863,Found
3058877,Found
3058881,Found
3058892,Found
3058916,Found
3058919,Found
3058950,Found
3058971,Found
3059002,Found
3059007,Found
3059064,Found
3059111,Found
3059133,Found
3059161,Found
3059268,Found
3059308,Found
3059334,Found
3059350,Found
3059359,Found
3059420,Found
3059486,Found
3059488,Found
3059514,Found
3059520,Found
3059566,Found
3059597,Found
3059602,Found
3059604,Found
3059612,Found
3059621,Found
3059622,Found
3059626,Found
3059660,Found
3059663,Found
3059671,Found
3059681,Found
3059697,Found
3059759,Found
3059770,Found
3059777,Found
3059871,Found
3059887,Found
3059890,Found
3059999,Found
3060030,Found
3060066,Found
3060077,Found
3060089,Found
3060113,Found
3060117,Found
3060128,Found
3060146,Found
3060176,Found
3060209,Found
3060215,Found
3060219,Found
3060220,Found
3060239,Found
3060244,Found
3060356,Found
3060388,Found
3060471,Found
3060504,Found
3060518,Found
3060526,Found
3060537,Found
3060548,Found
3060587,Found
3060624,Found
3060674,Found
3060677,Found
3060686,Found
3060690,Found
3060775,Found
3060780,Found
3060884,Found
3061012,Found
3061101,Found
3061139,Found
3061143,Found
3061179,Found
3061211,Found
3061382,Found
3061464,Found
3061604,Found
3061683,Found
3061714,Found
3061726,Found
3061756,Found
3061757,Found
3061784,Found
3061942,Found
3061944,Found
3062030,Found
3062136,Found
3062264,Found
3062276,Found
3062315,Found
3062384,Found
3062474,Found
3062642,Found
3063155,Found
3063222,Found
3063439,Found
3063474,Found
3063565,Found
3063589,Found
3063651,Found
3063683,Found
3063688,Found
3063693,Found
3063700,Found
3063735,Found
3063743,Found
3063753,Found
3063754,Found
3063799,Found
3063818,Found
3063909,Found
3063927,Found
3064032,Found
3064043,Found
3064045,Found
3064084,Found
3064112,Found
3064124,Found
3064140,Found
3064166,Found
3064245,Found
3064269,Found
3064274,Found
3064301,Found
3064320,Found
3064372,Found
3064394,Found
3064434,Found
3064447,Found
3064454,Found
3064506,Found
3064558,Found
3064611,Found
3064646,Found
3064737,Found
3064764,Found
3064833,Found
3064874,Found
3064892,Found
3064921,Found
3064959,Found
3065018,Found
3065160,Found
3065167,Found
3065256,Found
3065312,Found
3065326,Found
3065330,Found
3065389,Found
3065415,Found
3065426,Found
3065444,Found
3065451,Found
3065457,Found
3065464,Found
3065474,Found
3065482,Found
3065496,Found
3065512,Found
3065576,Found
3065580,Found
3065582,Found
3065617,Found
3065686,Found
3065694,Found
3065702,Found
3065716,Found
3065760,Found
3065769,Found
3065797,Found
3065865,Found
3065891,Found
3066009,Found
3066019,Found
3066056,Found
3066058,Found
3066063,Found
3066180,Found
3066198,Found
3066223,Found
3066294,Found
3066299,Found
3066303,Found
3066311,Found
3066317,Found
3066352,Found
3066405,Found
3066442,Found
3066470,Found
3066641,Found
3066670,Found
3066677,Found
3066827,Found
3066833,Found
3066871,Found
3067049,Found
3067073,Found
3067080,Found
3067082,Found
3067122,Found
3067158,Found
3067163,Found
3067215,Found
3067241,Found
3067265,Found
3067278,Found
3067332,Found
3067468,Found
3067671,Found
3067701,Found
3067744,Found
3067808,Found
3067869,Found
3068062,Found
3068143,Found
3068255,Found
3068270,Found
3068430,Found
3068668,Found
3068669,Found
3068960,Found
3069122,Found
3069139,Found
3069250,Found
3069370,Found
3069377,Found
3069440,Found
3069449,Found
3069458,Found
3069462,Found
3069508,Found
3069553,Found
3069569,Found
3069609,Found
3069613,Found
3069619,Found
3069681,Found
3069736,Found
3069742,Found
3069766,Found
3069844,Found
3069852,Found
3069874,Found
3069891,Found
3069938,Found
3069949,Found
3069988,Found
3070015,Found
3070046,Found
3070153,Found
3070244,Found
3070257,Found
3070269,Found
3070323,Found
3070331,Found
3070337,Found
3070340,Found
3070388,Found
3070406,Found
3070418,Found
3070455,Found
3070463,Found
3070497,Found
3070514,Found
3070584,Found
3070593,Found
3070641,Found
3070644,Found
3070673,Found
3070684,Found
3070725,Found
3070923,Found
3070984,Found
3071005,Found
3071050,Found
3071075,Found
3071107,Found
3071163,Found
3071171,Found
3071178,Found
3071190,Found
3071196,Found
3071200,Found
3071202,Found
3071211,Found
3071217,Found
3071245,Found
3071391,Found
3071443,Found
3071470,Found
3071495,Found
3071523,Found
3071611,Found
3071625,Found
3071667,Found
3071686,Found
3071738,Found
3071758,Found
3071786,Found
3071818,Found
3071882,Found
3072027,Found
3072065,Found
3072129,Found
3072190,Found
3072219,Found
3072243,Found
3072258,Found
3072509,Found
3072554,Found
3072584,Found
3072595,Found
3072610,Found
3072633,Found
3072830,Found
3072886,Found
3072946,Found
3072991,Found
3073064,Found
3073152,Found
3073165,Found
3073247,Found
3073356,Found
3073359,Found
3073428,Found
3073506,Found
3073509,Found
3073658,Found
3073727,Found
3073898,Found
3073903,Found
3074138,Found
3074142,Found
3074153,Found
3074164,Found
3074169,Found
3074464,Found
3074522,Found
3074609,Found
3074645,Found
3074660,Found
3074663,Found
3074713,Found
3074744,Found
3074781,Found
3074787,Found
3074788,Found
3074806,Found
3074836,Found
3074861,Found
3074869,Found
3074871,Found
3074876,Found
3074878,Found
3074958,Found
3074996,Found
3075050,Found
3075054,Found
3075082,Found
3075092,Found
3075099,Found
3075107,Found
3075116,Found
3075139,Found
3075141,Found
3075143,Found
3075152,Found
3075168,Found
3075203,Found
3075211,Found
3075303,Found
3075371,Found
3075443,Found
3075453,Found
3075488,Found
3075502,Found
3075517,Found
3075534,Found
3075555,Found
3075567,Found
3075592,Found
3075606,Found
3075619,Found
3075701,Found
3075730,Found
3075757,Found
3075775,Found
3075801,Found
3075858,Found
3075946,Found
3076024,Found
3076078,Found
3076108,Found
3076163,Found
3076233,Found
3076252,Found
3076363,Found
3076408,Found
3076425,Found
3076429,Found
3076444,Found
3076475,Found
3076487,Found
3076510,Found
3076588,Found
3076594,Found
3076607,Found
3076706,Found
3076764,Found
3076803,Found
3076857,Found
3076859,Found
3076866,Found
3076887,Found
3076898,Found
3076899,Found
3076912,Found
3076933,Found
3076938,Found
3076945,Found
3076954,Found
3076996,Found
3077003,Found
3077017,Found
3077036,Found
3077037,Found
3077044,Found
3077061,Found
3077067,Found
3077075,Found
3077098,Found
3077111,Found
3077129,Found
3077138,Found
3077146,Found
3077177,Found
3077294,Found
3077316,Found
3077349,Found
3077385,Found
3077420,Found
3077430,Found
3077584,Found
3077608,Found
3077618,Found
3077628,Found
3077632,Found
3077655,Found
3077691,Found
3077704,Found
3077721,Found
3077750,Found
3077787,Found
3077893,Found
3077948,Found
3077968,Found
3077973,Found
3078032,Found
3078033,Found
3078159,Found
3078174,Found
3078390,Found
3078397,Found
3078409,Found
3078442,Found
3078508,Found
3078537,Found
3078549,Found
3078579,Found
3078795,Found
3078805,Found
3078915,Found
3079389,Found
3079392,Found
3079402,Found
3079475,Found
3079620,Found
3079646,Found
3079778,Found
3079824,Found
3079982,Found
3080095,Found
3080098,Found
3080240,Found
3080362,Found
3080364,Found
3080478,Found
3080505,Found
3080534,Found
3080612,Found
3080623,Found
3080650,Found
3080705,Found
3080714,Found
3080763,Found
3080819,Found
3080825,Found
3080847,Found
3080959,Found
3081032,Found
3081042,Found
3081052,Found
3081094,Found
3081096,Found
3081101,Found
3081105,Found
3081120,Found
3081124,Found
3081133,Found
3081181,Found
3081190,Found
3081191,Found
3081259,Found
3081289,Found
3081328,Found
3081408,Found
3081454,Found
3081483,Found
3081527,Found
3081555,Found
3081596,Found
3081609,Found
3081644,Found
3081663,Found
3081670,Found
3081683,Found
3081699,Found
3081709,Found
3081712,Found
3081727,Found
3081769,Found
3081781,Found
3081876,Found
3081893,Found
3082001,Found
3082041,Found
3082094,Found
3082135,Found
3082193,Found
3082217,Found
3082248,Found
3082253,Found
3082316,Found
3082447,Found
3082459,Found
3082487,Found
3082488,Found
3082555,Found
3082587,Found
3082615,Found
3082618,Found
3082650,Found
3082666,Found
3082731,Found
3082752,Found
3082766,Found
3082861,Found
3082867,Found
3082869,Found
3082907,Found
3082919,Found
3082948,Found
3082966,Found
3082983,Found
3082987,Found
3083041,Found
3083058,Found
3083071,Found
3083087,Found
3083134,Found
3083155,Found
3083191,Found
3083237,Found
3083249,Found
3083262,Found
3083273,Found
3083290,Found
3083298,Found
3083303,Found
3083305,Found
3083398,Found
3083429,Found
3083457,Found
3083458,Found
3083495,Found
3083496,Found
3083499,Found
3083511,Found
3083513,Found
3083569,Found
3083614,Found
3083624,Found
3083641,Found
3083643,Found
3083660,Found
3083812,Found
3083848,Found
3083934,Found
3083942,Found
3083955,Found
3084027,Found
3084116,Found
3084122,Found
3084160,Found
3084178,Found
3084258,Found
3084261,Found
3084262,Found
3084263,Found
3084265,Found
3084288,Found
3084303,Found
3084481,Found
3084486,Found
3084526,Found
3084543,Found
3084555,Found
3084581,Found
3084618,Found
3084653,Found
3084662,Found
3084672,Found
3084699,Found
3084840,Found
3084866,Found
3084985,Found
3085168,Found
3085178,Found
3085255,Found
3085448,Found
3085502,Found
3085584,Found
3085587,Found
3085647,Found
3085678,Found
3085816,Found
3085824,Found
3085907,Found
3085915,Found
3085985,Found
3086045,Found
3086101,Found
3086207,Found
3086490,Found
3086595,Found
3086663,Found
3086734,Found
3086891,Found
3086952,Found
3086953,Found
3086966,Found
3087015,Found
3087016,Found
3087111,Found
3087209,Found
3087218,Found
3087220,Found
3087222,Found
3087257,Found
3087308,Found
3087328,Found
3087578,Found
3087929,Found
3087933,Found
3087984,Found
3088083,Found
3088137,Found
3088236,Found
3088254,Found
3088268,Found
3088286,Found
3088394,Found
3088559,Found
3088656,Found
3088670,Found
3088768,Found
3088769,Found
3088783,Found
3088788,Found
3088795,Found
3088869,Found
3088996,Found
3089007,Found
3089189,Found
3089196,Found
3089228,Found
3089282,Found
3089332,Found
3089335,Found
3089340,Found
3089346,Found
3089357,Found
3089373,Found
3089386,Found
3089444,Found
3089464,Found
3089479,Found
3089481,Found
3089531,Found
3089561,Found
3089571,Found
3089663,Found
3089677,Found
3089703,Found
3089780,Found
3089939,Found
3090017,Found
3090022,Found
3090087,Found
3090168,Found
3090180,Found
3090221,Found
3090227,Found
3090392,Found
3090601,Found
3090602,Found
3090649,Found
3090726,Found
3090820,Found
3090861,Found
3090868,Found
3090920,Found
3090971,Found
3091006,Found
3091012,Found
3091025,Found
3091057,Found
3091074,Found
3091084,Found
3091091,Found
3091128,Found
3091235,Found
3091495,Found
3091590,Found
3091605,Found
3091699,Found
3091748,Found
3091767,Found
3091808,Found
3091860,Found
3091867,Found
3092091,Found
3092096,Found
3092115,Found
3092128,Found
3092132,Found
3092151,Found
3092260,Found
3092277,Found
3092300,Found
3092320,Found
3092383,Found
3092402,Found
3092406,Found
3092512,Found
3092535,Found
3092560,Found
3092664,Found
3092704,Found
3092712,Found
3092786,Found
3092800,Found
3093111,Found
3093123,Found
3093219,Found
3093244,Found
3093365,Found
3093408,Found
3093443,Found
3093564,Found
3093626,Found
3093797,Found
3093885,Found
3093901,Found
3093955,Found
3093978,Found
3093998,Found
3094067,Found
3094080,Found
3094170,Found
3094231,Found
3094245,Found
3094281,Found
3094312,Found
3094330,Found
3094332,Found
3094381,Found
3094398,Found
3094439,Found
3094588,Found
3094596,Found
3094621,Found
3094629,Found
3094898,Found
3094902,Found
3094909,Found
3095042,Found
3095069,Found
3095124,Found
3095137,Found
3095248,Found
3095277,Found
3095310,Found
3095357,Found
3095365,Found
3095487,Found
3095522,Found
3095553,Found
3095632,Found
3095643,Found
3095654,Found
3095656,Found
3095661,Found
3095668,Found
3095921,Found
3095931,Found
3095944,Found
3095966,Found
3096071,Found
3096095,Found
3096108,Found
3096113,Found
3096145,Found
3096258,Found
3096289,Found
3096334,Found
3096339,Found
3096342,Found
3096378,Found
3096401,Found
3096526,Found
3096528,Found
3096547,Found
3096563,Found
3096590,Found
3096596,Found
3096598,Found
3096633,Found
3096644,Found
3096646,Found
3096662,Found
3096713,Found
3096792,Found
3096967,Found
3096973,Found
3096977,Found
3097018,Found
3097058,Found
3097118,Found
3097148,Found
3097162,Found
3097169,Found
3097180,Found
3097214,Found
3097265,Found
3097288,Found
3097338,Found
3097384,Found
3097391,Found
3097435,Found
3097460,Found
3097523,Found
3097533,Found
3097535,Found
3097596,Found
3097600,Found
3097604,Found
3097611,Found
3097673,Found
3097691,Found
3097706,Found
3097795,Found
3097807,Found
3097819,Found
3097843,Found
3097911,Found
3097915,Found
3098084,Found
3098106,Found
3098109,Found
3098224,Found
3098263,Found
3098278,Found
3098339,Found
3098344,Found
3098391,Found
3098420,Found
3098423,Found
3098429,Found
3098447,Found
3098474,Found
3098480,Found
3098489,Found
3098494,Found
3098499,Found
3098507,Found
3098630,Found
3098653,Found
3098700,Found
3098767,Found
3098821,Found
3098856,Found
3098888,Found
3098950,Found
3098954,Found
3098963,Found
3098971,Found
3098985,Found
3099038,Found
3099067,Found
3099117,Found
3099122,Found
3099212,Found
3099218,Found
3099363,Found
3099388,Found
3099391,Found
3099491,Found
3099659,Found
3099724,Found
3099726,Found
3099736,Found
3099746,Found
3099769,Found
3099843,Found
3099848,Found
3100032,Found
3100059,Found
3100083,Found
3100099,Found
3100124,Found
3100134,Found
3100142,Found
3100153,Found
3100164,Found
3100180,Found
3100185,Found
3100247,Found
3100318,Found
3100322,Found
3100344,Found
3100432,Found
3100474,Found
3100510,Found
3100632,Found
3100678,Found
3100734,Found
3100741,Found
3100833,Found
3100837,Found
3100891,Found
3100917,Found
3100952,Found
3100981,Found
3100996,Found
3101009,Found
3101034,Found
3101038,Found
3101094,Found
3101100,Found
3101230,Found
3101238,Found
3101293,Found
3101301,Found
3101312,Found
3101322,Found
3101329,Found
3101331,Found
3101349,Found
3101359,Found
3101418,Found
3101426,Found
3101435,Found
3101491,Found
3101575,Found
3101628,Found
3101706,Found
3101737,Found
3101749,Found
3101764,Found
3101767,Found
3101769,Found
3101794,Found
3101819,Found
3101902,Found
3101905,Found
3101907,Found
3101912,Found
3101914,Found
3101922,Found
3101949,Found
3101975,Found
3101989,Found
3102025,Found
3102052,Found
3102065,Found
3102074,Found
3102088,Found
3102096,Found
3102132,Found
3102178,Found
3102190,Found
3102211,Found
3102239,Found
3102396,Found
3102419,Found
3102426,Found
3102435,Found
3102451,Found
3102456,Found
3102525,Found
3102653,Found
3102657,Found
3102750,Found
3102793,Found
3102797,Found
3102830,Found
3102833,Found
3102877,Found
3102880,Found
3102890,Found
3102927,Found
3102929,Found
3103132,Found
3103231,Found
3103273,Found
3103280,Found
3103343,Found
3103346,Found
3103391,Found
3103552,Found
3103660,Found
3103662,Found
3103698,Found
3103801,Found
3103831,Found
3103991,Found
3104032,Found
3104056,Found
3104070,Found
3104099,Found
3104338,Found
3104374,Found
3104383,Found
3104525,Found
3104607,Found
3104614,Found
3104764,Found
3104785,Found
3104978,Found
3105105,Found
3105202,Found
3105207,Found
3105212,Found
3105213,Found
3105233,Found
3105242,Found
3105317,Found
3105425,Found
3105468,Found
3105534,Found
3105539,Found
3105631,Found
3105668,Found
3105706,Found
3105711,Found
3105720,Found
3105735,Found
3105747,Found
3105788,Found
3105989,Found
3106002,Found
3106165,Found
3106175,Found
3106177,Found
3106250,Found
3106261,Found
3106721,Found
3106886,Found
3106936,Found
3106968,Found
3107109,Found
3107365,Found
3107369,Found
3107499,Found
3107669,Found
3107880,Found
3107882,Found
3107884,Found
3107888,Found
3108036,Found
3108122,Found
3108166,Found
3108189,Found
3108262,Found
3108318,Found
3108332,Found
3108458,Found
3108501,Found
3108506,Found
3108568,Found
3108725,Found
3108872,Found
3108876,Found
3109032,Found
3109057,Found
3109067,Found
3109238,Found
3109323,Found
3109403,Found
3109412,Found
3109564,Found
3109662,Found
3109714,Found
3109924,Found
3110116,Found
3110208,Found
3110537,Found
3110775,Found
3110871,Found
3111036,Found
3111155,Found
3111336,Found
3111337,Found
3111341,Found
3111391,Found
3111395,Found
3111396,Found
3111436,Found
3111460,Found
3111488,Found
3111537,Found
3111667,Found
3111702,Found
3111969,Found
3111982,Found
3111987,Found
3112082,Found
3112097,Found
3112306,Found
3112439,Found
3112441,Found
3112449,Found
3112454,Found
3112459,Found
3112875,Found
3112880,Found
3112885,Found
3112917,Found
3112925,Found
3112950,Found
3113007,Found
3113025,Found
3113109,Found
3113110,Found
3113345,Found
3113372,Found
3113525,Found
3113573,Found
3113579,Found
3113583,Found
3114075,Found
3114361,Found
3114672,Found
3114900,Found
3114961,Found
3115049,Found
3115050,Found
3115053,Found
3115054,Found
3115055,Found
3115060,Found
3115207,Found
3115400,Found
3115472,Found
3115524,Found
3115860,Found
3115874,Found
3115887,Found
3115910,Found
3115962,Found
3116067,Found
3116158,Found
3116188,Found
3116389,Found
3116642,Found
3116763,Found
3116962,Found
3116996,Found
3117055,Found
3117227,Found
3117606,Found
3117615,Found
3117834,Found
3117890,Found
3117894,Found
3117926,Found
3118054,Found
3118124,Found
3118242,Found
3118503,Found
3118583,Found
3118980,Found
3119049,Found
3119219,Found
3119277,Found
3119309,Found
3119584,Found
3119588,Found
3119597,Found
3119600,Found
3119601,Found
3119631,Found
3119858,Found
3119898,Found
3120053,Found
3121621,Found
3121697,Found
3121979,Found
3121983,Found
3121989,Found
3122047,Found
3122283,Found
3122470,Found
3122559,Found
3122753,Found
3122826,Found
3123131,Found
3123699,Found
3123707,Found
3124189,Found
3124196,Found
3124412,Found
3124419,Found
3124426,Found
3124452,Found
3124597,Found
3124641,Found
3124660,Found
3124727,Found
3124766,Found
3124880,Found
3124994,Found
3125128,Found
3125244,Found
3125252,Found
3125368,Found
3125491,Found
3125780,Found
3125980,Found
3125994,Found
3125998,Found
3127541,Found
3127594,Found
3127614,Found
3127616,Found
3127878,Found
3127926,Found
3127931,Found
3128473,Found
3128477,Found
3128562,Found
3128578,Found
3128689,Found
3128856,Found
3128947,Found
3129022,Found
3129033,Found
3129146,Found
3129421,Found
3129499,Found
3129635,Found
3129730,Found
3129913,Found
3130132,Found
3130194,Found
3130210,Found
3130215,Found
3130703,Found
3131254,Found
3132127,Found
3132410,Found
3132458,Found
3132528,Found
3132536,Found
3132841,Found
3133326,Found
3134051,Found
3134512,Found
3134630,Found
3134895,Found
3134910,Found
3134911,Found
3134919,Found
3134932,Found
3134936,Found
3134943,Found
3134944,Found
3134964,Found
3134966,Found
3134985,Found
3135032,Found
3135033,Found
3135054,Found
3135059,Found
3135437,Found
3135569,Found
3135789,Found
3135843,Found
3135881,Found
3135884,Found
3136144,Found
3136146,Found
3136246,Found
3136258,Found
3136441,Found
3136521,Found
3136587,Found
3136590,Found
3136606,Found
3136617,Found
3136766,Found
3136775,Found
3137399,Found
3137524,Found
3137662,Found
3137705,Found
3137714,Found
3138234,Found
3138242,Found
3138320,Found
3138642,Found
3139217,Found
3139249,Found
3139362,Found
3139724,Found
3139733,Found
3139738,Found
3139739,Found
3140198,Found
3140200,Found
3140311,Found
3140355,Found
3140690,Found
3140834,Found
3140885,Found
3140891,Found
3140898,Found
3141077,Found
3141086,Found
3141133,Found
3141211,Found
3141251,Found
3141257,Found
3141520,Found
3141919,Found
3141938,Found
3141987,Found
3142169,Found
3142312,Found
3142363,Found
3142586,Found
3142751,Found
3142776,Found
3142841,Found
3142916,Found
3143098,Found
3143381,Found
3143409,Found
3143524,Found
3143916,Found
3144386,Found
3144599,Found
3144633,Found
3144744,Found
3144748,Found
3145038,Found
3145253,Found
3145369,Found
3145734,Found
3146278,Found
3146403,Found
3146412,Found
3146426,Found
3146766,Found
3146769,Found
3146773,Found
3146796,Found
3146809,Found
3146856,Found
3146865,Found
3146913,Found
3147294,Found
3147621,Found
3147993,Found
3148087,Found
3148147,Found
3148309,Found
3148406,Found
3148501,Found
3148670,Found
3149059,Found
3149139,Found
3149474,Found
3149531,Found
3150014,Found
3150089,Found
3150433,Found
3150502,Found
3150602,Found
3150603,Found
3150755,Found
3151583,Found
3151909,Found
3151933,Found
3153098,Found
3153121,Found
3153172,Found
3153258,Found
3153291,Found
3154099,Found
3154577,Found
3154618,Found
3154822,Found
3154833,Found
3154835,Found
3154848,Found
3155190,Found
3155388,Found
3155721,Found
3155737,Found
3155738,Found
3155872,Found
3155883,Found
3155901,Found
3155997,Found
3156088,Found
3156848,Found
3156952,Found
3157161,Found
3157166,Found
3157292,Found
3157761,Found
3157821,Found
3157957,Found
3158296,Found
3158425,Found
3158584,Found
3158698,Found
3159005,Found
3159092,Found
3159670,Found
3160311,Found
3160439,Found
3160443,Found
3161420,Found
3161888,Found
3161892,Found
3161954,Found
3161978,Found
3162221,Found
3162354,Found
3162824,Found
3162831,Found
3163192,Found
3163225,Found
3163227,Found
3163228,Found
3163615,Found
3163731,Found
3163807,Found
3163826,Found
3164004,Found
3164141,Found
3164905,Found
3165009,Found
3165096,Found
3165592,Found
3166289,Found
3166324,Found
3166325,Found
3166328,Found
3166634,Found
3166721,Found
3167011,Found
3167013,Found
3167021,Found
3167114,Found
3167140,Found
3168005,Found
3168758,Found
3168776,Found
3168836,Found
3168983,Found
3169086,Found
3169192,Found
3169271,Found
3169342,Found
3169431,Found
3169754,Found
3170642,Found
3171418,Found
3171419,Found
3171548,Found
3171638,Found
3171680,Found
3172020,Found
3172116,Found
3172417,Found
3172685,Found
3172703,Found
3172881,Found
3172994,Found
3172996,Found
3173000,Found
3173060,Found
3173232,Found
3173399,Found
3173402,Found
3173873,Found
3174430,Found
3175079,Found
3175165,Found
3176626,Found
3176850,Found
3176880,Found
3177085,Found
3177211,Found
3177258,Found
3177817,Found
3177965,Found
3178013,Found
3178482,Found
3178546,NotFound
3178620,NotFound
3178809,Found
3179173,Found
3179387,Found
3180415,Found
3180585,Found
3180699,Found
3180894,Found
3181016,Found
3181402,Found
3181897,Found
3182035,Found
3182116,Found
3182148,Found
3183054,Found
3183288,Found
3183298,Found
3183330,Found
3183592,Found
3183609,Found
3183612,Found
3183613,Found
3183699,Found
3183854,Found
3184254,Found
3184399,Found
3184405,Found
3184414,Found
3184430,Found
3184431,Found
3184437,Found
3184441,Found
3184447,Found
3184448,Found
3184463,Found
3184467,Found
3184476,Found
3184487,Found
3184502,Found
3184503,Found
3184519,Found
3184521,Found
3184536,Found
3185013,Found
3185303,Found
3185396,Found
3185504,Found
3185625,Found
3185951,Found
3186418,Found
3186421,Found
3186422,Found
3186424,Found
3186528,Found
3186531,Found
3186610,Found
3186739,Found
3187321,Found
3187365,Found
3187813,Found
3188047,Found
3188051,Found
3188058,Found
3188113,Found
3188535,Found
3188706,Found
3188715,Found
3189227,Found
3189324,Found
3189817,Found
3189961,Found
3189985,Found
3190004,Found
3190008,Found
3190024,Found
3190242,Found
3190272,Found
3190329,Found
3190464,Found
3190722,Found
3191220,Found
3191695,Found
3191998,Found
3192193,Found
3192206,Found
3192215,Found
3192362,Found
3192411,Found
3192430,Found
3192500,Found
3192550,Found
3193235,Found
3193399,Found
3193487,Found
3193508,Found
3193990,Found
3193995,Found
3193996,Found
3194002,Found
3194023,Found
3194091,Found
3194134,Found
3194140,Found
3194148,Found
3194153,Found
3194158,Found
3194167,Found
3194194,Found
3194298,Found
3194569,Found
3194652,Found
3194654,Found
3194655,Found
3194730,Found
3195191,Found
3195265,Found
3195490,Found
3195582,Found
3195711,Found
3195794,Found
3195861,Found
3195963,Found
3195966,Found
3195977,Found
3196071,Found
3196079,Found
3196736,Found
3196744,Found
3196757,Found
3196802,Found
3197035,Found
3197118,Found
3197237,Found
3197411,Found
3197413,Found
3197416,Found
3197417,Found
3197493,Found
3197522,Found
3197730,Found
3197818,Found
3197822,Found
3197824,Found
3198043,Found
3198188,Found
3198300,Found
3198365,Found
3198512,Found
3198622,Found
3199828,Found
3200034,Found
3200038,Found
3200054,Found
3200485,Found
3200569,Found
3200646,Found
3200683,Found
3200685,Found
3200689,Found
3200708,Found
3200742,Found
3200795,Found
3200809,Found
3200834,Found
3200837,Found
3200850,Found
3201010,Found
3201021,Found
3201049,Found
3201054,Found
3201091,Found
3201094,Found
3201212,Found
3201496,Found
3201533,Found
3201543,Found
3201761,Found
3201821,Found
3201881,Found
3201882,Found
3201955,Found
3201982,Found
3202040,Found
3202064,Found
3202211,Found
3202661,Found
3202885,Found
3202999,Found
3203288,Found
3203720,Found
3203804,Found
3204183,Found
3204405,Found
3204473,Found
3204495,Found
3204502,Found
3204509,Found
3204633,Found
3204740,Found
3204741,Found
3204745,Found
3204888,Found
3205351,Found
3205389,Found
3205410,Found
3205779,Found
3206035,Found
3206255,Found
3206482,Found
3206488,Found
3206686,Found
3206761,Found
3206930,Found
3207033,Found
3207137,Found
3207203,Found
3207263,Found
3207659,Found
3207959,Found
3208451,Found
3208471,Found
3208561,Found
3208729,Found
3208775,Found
3208958,Found
3209008,Found
3209044,Found
3209204,Found
3209321,Found
3209348,Found
3209423,Found
3209571,Found
3209602,Found
3209749,Found
3209945,Found
3209995,Found
3209996,Found
3210007,Found
3210056,Found
3210506,Found
3210699,Found
3210841,Found
3210930,Found
3211199,Found
3211522,Found
3211526,Found
3212055,Found
3212156,Found
3212212,Found
3212377,Found
3212461,Found
3212497,Found
3212564,Found
3212591,Found
3212749,Found
3212824,Found
3212826,Found
3212839,Found
3213491,Found
3213492,Found
3213506,Found
3213516,Found
3213582,Found
3213875,Found
3214695,Found
3214696,Found
3214756,Found
3214924,Found
3214932,Found
3214944,Found
3214948,Found
3214998,Found
3215079,Found
3215393,Found
3215970,Found
3215974,Found
3215978,Found
3216041,Found
3216380,Found
3216746,Found
3216753,Found
3216826,Found
3216840,Found
3217125,NotFound
3218109,Found
3218365,Found
3218383,Found
3218529,Found
3218894,Found
3218896,Found
3219098,Found
3219418,Found
3219461,Found
3219575,Found
3219580,Found
3219680,Found
3219747,Found
3219755,Found
3219771,Found
3220133,Found
3220888,Found
3221586,Found
3222074,Found
3222119,Found
3222262,Found
3222374,Found
3222881,Found
3222986,Found
3223059,Found
3223194,Found
3223273,Found
3224149,Found
3224223,Found
3224225,Found
3224242,Found
3224261,Found
3224278,Found
3224751,Found
3225236,Found
3225679,Found
3225685,Found
3225689,Found
3225718,Found
3225808,Found
3226164,Found
3226413,Found
3226528,Found
3226530,Found
3226535,Found
3226892,Found
3227199,Found
3227831,Found
3228645,Found
3228690,Found
3228693,Found
3228708,Found
3229330,Found
3229455,Found
3229585,Found
3229814,Found
3229822,Found
3230350,Found
3230554,Found
3230611,Found
3230773,Found
3231192,Found
3231850,Found
3231889,Found
3231978,Found
3232001,Found
3232111,Found
3232387,Found
3232568,Found
3232849,Found
3232985,Found
3233662,Found
3234318,Found
3235246,Found
3235360,Found
3235477,Found
3235897,Found
3236030,Found
3236142,Found
3236153,Found
3236191,Found
3236396,Found
3236743,Found
3236823,Found
3236858,Found
3236884,Found
3237168,Found
3237343,Found
3237824,Found
3238406,Found
3238408,Found
3238409,Found
3238413,Found
3238471,Found
3238644,Found
3238720,Found
3238756,Found
3238758,Found
3238961,Found
3238973,Found
3239002,Found
3239134,Found
3240057,Found
3240367,Found
3240517,Found
3241365,Found
3241650,Found
3241892,Found
3241922,Found
3241940,Found
3242138,Found
3242158,Found
3242205,Found
3242736,Found
3242973,Found
3242980,Found
3242990,Found
3243002,Found
3243007,Found
3243129,Found
3243150,Found
3243235,Found
3243705,Found
3243871,Found
3243884,Found
3243891,Found
3243901,Found
3244143,Found
3244229,Found
3244467,Found
3244483,Found
3244513,Found
3244579,Found
3244726,Found
3244732,Found
3244767,Found
3245026,Found
3245182,Found
3245230,Found
3245437,Found
3245502,Found
3245547,Found
3245748,Found
3245808,Found
3245841,Found
3245999,Found
3246115,Found
3247037,Found
3247045,Found
3247573,Found
3249353,Found
3249536,Found
3249803,Found
3250168,Found
3250169,Found
3250170,Found
3250171,Found
3250172,Found
3250324,Found
3250325,Found
3250425,Found
3250429,Found
3250526,Found
3250738,Found
3250910,Found
3251265,Found
3251874,Found
3251904,Found
3252671,Found
3252726,Found
3252738,Found
3252764,Found
3252770,Found
3252922,NotFound
3253028,Found
3253253,Found
3253467,Found
3253513,Found
3253552,Found
3253845,Found
3254023,Found
3254364,Found
3254719,Found
3255241,Found
3255305,Found
3255311,Found
3255318,Found
3255322,Found
3255330,Found
3255405,Found
3255452,Found
3255763,Found
3255897,Found
3255997,Found
3256003,Found
3256012,Found
3256033,Found
3256051,Found
3256112,Found
3256139,Found
3256427,Found
3256777,Found
3256829,Found
3256842,Found
3256965,Found
3256974,Found
3256992,Found
3257039,Found
3257132,Found
3257155,Found
3257186,Found
3257304,Found
3257533,Found
3257549,Found
3257552,Found
3257570,Found
3257825,Found
3257827,Found
3257829,Found
3257831,Found
3257834,Found
3257870,Found
3257874,Found
3257940,Found
3258100,Found
3258181,Found
3258477,Found
3258492,Found
3258765,Found
3258969,Found
3259262,Found
3259399,Found
3259443,Found
3259446,Found
3259529,Found
3259691,Found
3259793,Found
3259856,Found
3259984,Found
3260003,Found
3260007,Found
3260174,Found
3260238,Found
3260241,Found
3260244,Found
3260252,Found
3260256,Found
3260260,Found
3260263,Found
3260333,Found
3260344,Found
3260351,Found
3260377,Found
3260379,Found
3260385,Found
3260485,Found
3260511,Found
3260537,Found
3260645,Found
3260679,NotFound
3260727,Found
3260732,Found
3260776,Found
3260780,Found
3260785,Found
3260803,Found
3260808,Found
3260813,Found
3260879,Found
3260888,Found
3260894,Found
3260903,Found
3260991,Found
3261019,Found
3261026,Found
3261166,Found
3261453,Found
3261501,Found
3261569,Found
3261650,Found
3261664,Found
3261755,Found
3261794,Found
3261903,Found
3262209,Found
3262526,Found
3262719,Found
3262775,Found
3262869,Found
3262884,Found
3262886,Found
3263150,Found
3263735,Found
3263924,Found
3264272,Found
3265699,Found
3265712,Found
3265753,Found
3265761,Found
3265765,Found
3265769,Found
3266054,Found
3266067,Found
3266134,Found
3266186,Found
3266541,Found
3266599,Found
3266901,Found
3267104,Found
3267109,Found
3267117,Found
3267600,Found
3267642,Found
3267647,Found
3267768,Found
3267931,Found
3268278,Found
3268610,Found
3268673,Found
3268679,Found
3268685,Found
3268687,Found
3268693,Found
3268723,Found
3268806,Found
3268818,Found
3268992,Found
3269327,Found
3269820,Found
3270073,Found
3270075,Found
3270213,Found
3270420,Found
3270578,Found
3271230,Found
3271236,Found
3271462,Found
3271466,Found
3271826,Found
3272040,Found
3272095,Found
3273026,NotFound
3273060,Found
3273068,Found
3273078,Found
3273179,Found
3273582,Found
3273652,Found
3273673,Found
3273832,Found
3273950,Found
3274239,Found
3274834,Found
3274971,Found
3275252,Found
3275937,Found
3275946,Found
3275957,Found
3275966,Found
3276122,Found
3276184,Found
3276235,Found
3276271,Found
3276344,Found
3276354,Found
3276425,Found
3276429,Found
3276431,Found
3276521,Found
3276640,Found
3276642,Found
3276647,Found
3276675,Found
3277434,Found
3277446,Found
3277599,Found
3278223,Found
3278240,Found
3278294,Found
3278913,Found
3279047,Found
3279205,Found
3279358,Found
3279698,Found
3279733,Found
3279767,Found
3279936,Found
3280026,Found
3280303,Found
3280339,Found
3280343,Found
3280739,Found
3280745,Found
3280774,Found
3280785,Found
3280793,Found
3280817,Found
3280825,Found
3280848,Found
3281028,Found
3281052,Found
3281144,Found
3281148,Found
3281153,Found
3281161,Found
3281162,Found
3281171,Found
3281179,Found
3281181,Found
3281182,Found
3281185,Found
3281227,Found
3281668,Found
3281676,Found
3282051,Found
3282053,Found
3282054,Found
3282055,Found
3282059,Found
3282067,Found
3282070,Found
3282174,Found
3282304,Found
3282321,Found
3282630,Found
3282635,Found
3282729,Found
3282850,Found
3282923,Found
3283253,Found
3283260,Found
3283271,Found
3283275,Found
3283280,Found
3283285,Found
3283727,Found
3283750,Found
3284640,Found
3284715,Found
3284716,Found
3285235,Found
3285456,Found
3285506,Found
3285507,Found
3285508,Found
3285509,Found
3285510,Found
3286334,Found
3286399,Found
3286421,Found
3286426,Found
3286740,Found
3287057,Found
3287154,Found
3287479,Found
3287908,Found
3287950,Found
3287967,Found
3288321,Found
3288424,Found
3288486,Found
3288491,Found
3288687,Found
3288870,Found
3288953,Found
3288954,Found
3288955,Found
3288993,Found
3289163,Found
3289172,Found
3289182,Found
3289457,Found
3289476,Found
3289609,Found
3290001,Found
3290644,Found
3290714,Found
3291168,Found
3291171,Found
3291176,Found
3291178,Found
3291181,Found
3291405,Found
3291414,Found
3291419,Found
3291422,Found
3291423,Found
3291453,Found
3291627,Found
3292165,Found
3292333,Found
3292404,Found
3292409,Found
3293156,Found
3293187,Found
3294238,Found
3294577,Found
3294704,Found
3294752,Found
3294759,Found
3294766,Found
3295371,Found
3295588,Found
3295814,Found
3295816,Found
3295819,Found
3295822,Found
3295835,Found
3295914,Found
3296026,Found
3296368,Found
3297017,Found
3297020,Found
3297022,Found
3297028,Found
3297029,Found
3297315,Found
3297411,Found
3297682,Found
3297686,Found
3297689,Found
3297775,Found
3298286,Found
3298304,Found
3298512,Found
3298583,Found
3299023,Found
3299154,Found
3300165,NotFound
3300502,Found
3300560,Found
3300725,Found
3300729,Found
3300737,Found
3300785,Found
3300994,Found
3300999,Found
3301003,Found
3301013,Found
3301487,Found
3301612,Found
3301835,Found
3301841,Found
3301847,Found
3301854,Found
3301902,Found
3302275,Found
3302508,Found
3303211,Found
3303469,Found
3303473,Found
3303496,Found
3303904,Found
3303909,Found
3303916,Found
3303919,Found
3303922,Found
3303980,Found
3303983,Found
3304027,Found
3304031,Found
3304091,Found
3304103,Found
3304513,Found
3304519,Found
3304525,Found
3304539,Found
3304643,Found
3304718,Found
3304763,Found
3304781,Found
3304787,Found
3304832,Found
3304958,Found
3305040,Found
3305096,Found
3305255,Found
3305526,Found
3305569,Found
3306152,Found
3306167,Found
3306544,Found
3306554,Found
3306574,Found
3307415,Found
3307482,Found
3308119,Found
3308158,Found
3308186,Found
3308227,Found
3308257,Found
3308498,Found
3308863,Found
3309553,Found
3309723,Found
3309999,Found
3310005,Found
3310157,Found
3311386,Found
3311716,Found
3312062,Found
3312067,Found
3312081,Found
3312255,Found
3312674,Found
3312679,Found
3312847,Found
3313282,Found
3313301,Found
3313858,Found
3314330,Found
3314332,Found
3314545,Found
3315266,Found
3315652,Found
3315676,Found
3315837,Found
3316484,Found
3316852,Found
3316865,Found
3316897,Found
3317619,Found
3318404,Found
3318457,Found
3318582,Found
3318974,Found
3319386,Found
3319459,Found
3320351,Found
3320650,Found
3320659,Found
3320668,Found
3321160,Found
3321337,Found
3321763,Found
3322285,Found
3322327,Found
3322366,Found
3322400,Found
3322459,Found
3322461,Found
3322489,Found
3322728,Found
3322821,Found
3322826,Found
3323074,Found
3323103,Found
3323311,Found
3323312,Found
3323481,Found
3323497,Found
3323501,Found
3323704,Found
3324125,Found
3324305,Found
3324312,Found
3324371,Found
3324376,Found
3324388,Found
3325312,Found
3325313,Found
3325651,Found
3326293,Found
3326398,Found
3326680,Found
3326941,Found
3326949,Found
3326953,Found
3326957,Found
3326998,Found
3327223,Found
3327268,Found
3327303,Found
3327407,Found
3327706,Found
3327779,Found
3327782,Found
3327783,Found
3327793,Found
3327800,Found
3327896,Found
3328300,Found
3328371,Found
3328567,Found
3328744,Found
3329085,Found
3329104,Found
3329160,Found
3329288,Found
3329823,Found
3330463,Found
3330611,Found
3330727,Found
3330981,Found
3331767,Found
3332107,Found
3332116,Found
3332245,Found
3332276,Found
3332444,Found
3332728,Found
3333043,Found
3333102,Found
3333366,Found
3333544,Found
3333921,Found
3333956,Found
3334006,Found
3334777,Found
3334883,Found
3335104,Found
3335106,Found
3335246,Found
3335428,Found
3335592,Found
3335610,Found
3335835,Found
3335922,Found
3335932,Found
3335987,Found
3336328,Found
3336388,Found
3336407,Found
3336413,Found
3336417,Found
3336473,Found
3336539,Found
3336596,Found
3336602,Found
3336769,Found
3336815,Found
3336881,Found
3337029,Found
3337128,Found
3338584,Found
3338851,Found
3338864,Found
3339089,Found
3339116,Found
3339244,Found
3339537,Found
3340167,Found
3340180,Found
3340315,Found
3340319,Found
3340363,Found
3341008,Found
3341098,Found
3341102,Found
3341139,Found
3341143,Found
3341146,Found
3341150,Found
3341773,Found
3341858,Found
3342007,Found
3342401,Found
3342797,Found
3343599,Found
3343603,Found
3343832,Found
3344297,Found
3344359,Found
3344524,Found
3344526,Found
3344528,Found
3344531,Found
3344563,Found
3344746,Found
3344748,Found
3344761,Found
3345052,Found
3345231,Found
3345425,Found
3345624,Found
3345866,Found
3345869,Found
3346266,Found
3346707,Found
3346741,Found
3346776,Found
3346790,Found
3346791,Found
3346859,Found
3347038,Found
3347137,Found
3347172,Found
3347356,Found
3347920,Found
3347926,Found
3347944,Found
3348273,Found
3348327,Found
3348482,Found
3348559,Found
3348722,Found
3349299,Found
3349450,Found
3349583,Found
3350500,Found
3350506,Found
3350545,Found
3350547,Found
3350557,Found
3350589,Found
3350761,Found
3350833,Found
3350963,Found
3351161,Found
3351175,Found
3351410,Found
3351740,Found
3352009,Found
3352463,Found
3353319,Found
3353799,Found
3353810,Found
3354002,Found
3354102,Found
3354348,Found
3354702,Found
3354758,Found
3354772,Found
3354831,Found
3355078,Found
3355079,Found
3355080,Found
3355302,Found
3355387,Found
3355621,Found
3355694,Found
3355737,Found
3355775,Found
3356308,Found
3356686,Found
3356716,Found
3356881,Found
3357065,Found
3357272,Found
3357433,Found
3357505,Found
3357612,Found
3357618,Found
3357634,Found
3357765,Found
3357913,Found
3358402,Found
3358405,Found
3358410,Found
3358417,Found
3358547,Found
3358675,Found
3358979,Found
3359238,Found
3359239,Found
3359706,Found
3359731,Found
3359871,Found
3359976,Found
3360369,Found
3360702,Found
3360975,Found
3361462,Found
3361500,Found
3361589,Found
3361637,Found
3361906,Found
3362276,Found
3362464,Found
3362473,Found
3362476,Found
3362533,Found
3362700,Found
3362711,Found
3363105,Found
3363365,Found
3363537,Found
3363794,Found
3363799,Found
3364388,Found
3364413,Found
3364414,Found
3364572,Found
3364820,Found
3364862,Found
3364865,Found
3364873,Found
3364900,Found
3364918,Found
3364989,Found
3365062,Found
3365246,Found
3365310,Found
3365402,Found
3365405,Found
3365432,Found
3365662,Found
3365940,Found
3365942,Found
3365949,Found
3365955,Found
3365958,Found
3366182,Found
3366620,Found
3366670,Found
3367349,Found
3367895,Found
3368075,Found
3368150,Found
3368256,Found
3368527,Found
3368702,Found
3368831,Found
3368855,Found
3369109,Found
3369168,Found
3369199,Found
3369277,Found
3369395,Found
3369789,Found
3370394,Found
3370397,Found
3370402,Found
3370695,Found
3370825,Found
3370950,Found
3371172,Found
3371334,Found
3371337,Found
3371879,Found
3372018,Found
3372304,Found
3372307,Found
3372456,Found
3372629,Found
3372758,Found
3372861,Found
3372906,Found
3372908,Found
3372914,Found
3373688,Found
3373777,Found
3373881,Found
3374479,Found
3374643,Found
3374654,Found
3374785,Found
3374859,Found
3374864,Found
3375260,Found
3375271,Found
3375434,Found
3376134,Found
3376195,Found
3376202,Found
3376266,Found
3376304,Found
3376309,Found
3376351,Found
3376442,Found
3376509,Found
3377180,Found
3377182,Found
3377415,Found
3377708,Found
3377904,Found
3377913,Found
3378010,Found
3378014,Found
3378017,Found
3378022,Found
3378023,Found
3378030,Found
3378041,Found
3378045,Found
3378080,Found
3378083,Found
3378085,Found
3378096,Found
3378163,Found
3378294,Found
3378341,Found
3378375,Found
3378400,Found
3378494,Found
3378972,Found
3379065,Found
3379123,Found
3379357,Found
3379409,Found
3379594,Found
3379888,Found
3380258,Found
3380365,Found
3380420,Found
3380426,Found
3380481,Found
3380544,Found
3380552,Found
3380556,Found
3380725,Found
3380795,Found
3380902,Found
3381031,Found
3381227,Found
3381232,Found
3381266,Found
3381354,Found
3381501,Found
3381505,Found
3381530,Found
3381539,Found
3381552,Found
3381765,Found
3381994,Found
3382670,Found
3382692,Found
3382741,Found
3383770,Found
3383779,Found
3383793,Found
3384024,Found
3384260,Found
3384306,Found
3384463,Found
3384508,Found
3384518,Found
3384640,Found
3384725,Found
3384950,Found
3385035,Found
3385067,Found
3385079,Found
3385748,Found
3385765,Found
3386042,Found
3386048,Found
3386320,Found
3386380,Found
3386556,Found
3386639,Found
3386706,Found
3386741,Found
3386759,NotFound
3386795,Found
3386840,Found
3386841,Found
3386843,Found
3386848,Found
3387019,Found
3387126,Found
3387210,Found
3387399,Found
3387404,Found
3387482,Found
3388212,Found
3388510,Found
3388709,Found
3388714,Found
3388744,Found
3388817,Found
3388870,Found
3389169,Found
3389383,Found
3389435,Found
3389538,Found
3389643,Found
3389688,Found
3390040,Found
3390071,Found
3390081,Found
3390117,Found
3390160,Found
3390259,Found
3390455,Found
3390672,Found
3390745,Found
3390859,Found
3391027,Found
3391406,Found
3391622,Found
3391835,Found
3391837,Found
3391841,Found
3391842,Found
3391856,Found
3391955,Found
3392349,Found
3392355,Found
3392383,Found
3392396,Found
3392406,Found
3392426,Found
3392427,Found
3392488,Found
3392492,Found
3392702,Found
3392828,Found
3392850,Found
3392916,Found
3392950,Found
3393981,Found
3394000,Found
3394049,Found
3394055,Found
3394289,Found
3394432,Found
3395265,Found
3395284,Found
3395460,Found
3395467,Found
3395685,Found
3395687,Found
3395690,Found
3396015,Found
3396053,Found
3396090,Found
3396302,Found
3396419,Found
3396469,Found
3396511,Found
3396548,Found
3396599,Found
3396656,Found
3396708,Found
3396959,Found
3396963,Found
3397445,Found
3397784,Found
3397796,Found
3398017,Found
3398221,Found
3398270,Found
3398316,Found
3398411,Found
3398577,Found
3398619,Found
3398904,Found
3398987,Found
3399027,Found
3399116,Found
3399190,Found
3399215,Found
3399224,Found
3399297,Found
3399318,Found
3400008,Found
3400230,Found
3400385,Found
3401445,Found
3401527,Found
3401532,Found
3401534,Found
3401538,Found
3401546,Found
3401551,Found
3401594,Found
3402901,Found
3403589,Found
3403764,Found
3404084,Found
3404216,Found
3404386,Found
3404872,Found
3405209,Found
3405244,Found
3405387,Found
3405789,Found
3405917,Found
3405976,Found
3406092,Found
3406722,Found
3406724,Found
3406963,Found
3407813,Found
3408209,Found
3408442,Found
3408758,Found
3409008,Found
3409157,Found
3409627,Found
3409654,Found
3409660,Found
3409866,Found
3409905,Found
3409982,Found
3410106,Found
3410880,Found
3410917,Found
3411287,Found
3411369,Found
3411757,Found
3411865,Found
3412238,Found
3412632,Found
3412642,Found
3413059,Found
3413124,Found
3413198,Found
3413274,Found
3413602,Found
3413653,Found
3413807,Found
3414026,Found
3414028,Found
3414042,Found
3414152,Found
3414170,Found
3415307,Found
3415547,Found
3415549,Found
3415551,Found
3415552,Found
3415554,Found
3416009,Found
3416020,Found
3416213,Found
3416220,Found
3416420,Found
3416498,Found
3416530,Found
3417332,Found
3417336,Found
3417345,Found
3417354,Found
3417638,Found
3417984,Found
3418265,Found
3418397,Found
3418954,Found
3419312,Found
3419332,Found
3419347,Found
3419533,Found
3419555,Found
3419724,Found
3419771,Found
3419775,Found
3420084,Found
3420534,Found
3420673,Found
3420898,Found
3421000,Found
3421172,Found
3421392,Found
3421826,Found
3421835,Found
3422232,Found
3422418,Found
3422478,Found
3422842,Found
3422868,Found
3423017,Found
3423447,Found
3423490,Found
3423535,Found
3423563,Found
3423569,Found
3423672,Found
3423794,Found
3423860,Found
3424067,Found
3424146,Found
3424790,Found
3424828,Found
3425140,Found
3425230,Found
3425236,Found
3425469,Found
3425520,Found
3425623,Found
3425970,Found
3426270,Found
3426481,Found
3426600,Found
3426707,Found
3426709,Found
3426831,Found
3427014,Found
3427863,Found
3428593,Found
3428707,Found
3428992,Found
3428999,Found
3429271,Found
3429826,Found
3430147,Found
3430150,Found
3430293,Found
3430327,Found
3430405,Found
3430535,Found
3430621,Found
3430836,Found
3431182,Found
3431359,Found
3432045,Found
3432673,Found
3433044,Found
3433063,Found
3433202,Found
3433231,Found
3433280,Found
3433282,Found
3433338,Found
3433343,Found
3433348,Found
3433660,Found
3433871,Found
3433886,Found
3433894,Found
3433896,Found
3433901,Found
3433904,Found
3433908,Found
3433910,Found
3434281,Found
3434963,Found
3435208,Found
3435394,Found
3435529,Found
3435779,Found
3435801,Found
3435854,Found
3435890,Found
3435944,Found
3436384,Found
3436728,Found
3436730,Found
3436831,Found
3436834,Found
3437003,Found
3437034,Found
3437463,Found
3437705,Found
3437843,Found
3438109,Found
3438541,Found
3438717,Found
3438726,Found
3438900,Found
3438960,Found
3438961,Found
3438964,Found
3439036,Found
3439041,Found
3439215,NotFound
3439298,Found
3440269,Found
3440329,Found
3440450,Found
3440484,Found
3440487,Found
3440606,Found
3440638,Found
3440922,Found
3440946,Found
3441032,Found
3441104,Found
3441107,Found
3441123,Found
3441158,Found
3441606,Found
3441750,Found
3441885,Found
3441941,Found
3442140,Found
3442536,Found
3442837,Found
3442843,Found
3442862,Found
3443079,Found
3443146,Found
3443840,Found
3444033,Found
3444435,Found
3444438,Found
3444440,Found
3444518,Found
3444844,Found
3444965,Found
3445396,Found
3445555,Found
3445667,Found
3445681,Found
3445762,Found
3446271,Found
3446314,NotFound
3446315,Found
3446626,Found
3446865,Found
3446969,Found
3447078,Found
3447383,Found
3447385,Found
3447386,Found
3447412,Found
3447440,Found
3447712,Found
3449087,Found
3449144,Found
3449267,Found
3449276,Found
3449277,Found
3449280,Found
3449282,Found
3449324,Found
3449433,Found
3449542,Found
3449587,Found
3449703,Found
3449813,Found
3450235,Found
3450246,Found
3450254,Found
3450303,Found
3450305,Found
3450324,Found
3450472,Found
3450503,Found
3450512,Found
3450600,Found
3451334,Found
3451405,Found
3451662,Found
3451879,Found
3452104,Found
3452174,Found
3452184,Found
3452414,Found
3452616,Found
3452824,Found
3452825,Found
3452828,Found
3452829,Found
3452839,Found
3452972,Found
3453280,Found
3453652,Found
3453728,Found
3453816,Found
3453882,Found
3454188,Found
3454277,Found
3454278,Found
3454434,Found
3454515,Found
3454576,Found
3454633,Found
3454773,Found
3454882,Found
3455325,Found
3455549,NotFound
3455633,Found
3455636,Found
3455663,Found
3455674,Found
3455700,Found
3455977,Found
3455992,Found
3456037,Found
3456270,Found
3456373,Found
3456383,Found
3456868,Found
3456908,Found
3457019,Found
3457115,Found
3457212,Found
3457279,Found
3457633,Found
3457780,Found
3457833,Found
3457843,Found
3457846,Found
3457857,Found
3457863,Found
3457878,Found
3457999,Found
3458223,Found
3458981,Found
3459417,Found
3459543,Found
3459843,Found
3460049,Found
3460067,Found
3460595,Found
3460613,Found
3460619,Found
3460622,Found
3460642,Found
3460649,Found
3460668,Found
3460946,Found
3460947,Found
3461168,Found
3461171,Found
3461176,Found
3461300,Found
3461397,Found
3461457,Found
3461931,Found
3461982,Found
3462033,Found
3462445,Found
3462482,Found
3462576,Found
3462660,Found
3462662,Found
3463027,Found
3463030,Found
3463160,Found
3463631,Found
3463693,Found
3463889,Found
3463924,Found
3463929,Found
3463937,Found
3463988,Found
3464014,Found
3464195,Found
3464313,Found
3464640,Found
3465317,Found
3465383,Found
3465656,Found
3465692,Found
3466007,Found
3466046,Found
3466155,Found
3466235,Found
3466503,Found
3466817,Found
3467059,Found
3467060,Found
3467065,Found
3467099,Found
3467140,Found
3467175,Found
3467311,Found
3467326,Found
3467591,Found
3468357,Found
3468362,Found
3468743,Found
3468871,Found
3469261,Found
3469774,Found
3469942,Found
3470057,Found
3470320,Found
3470650,Found
3470680,Found
3470719,Found
3470763,Found
3470793,Found
3470800,Found
3470853,Found
3471023,Found
3471061,Found
3471368,Found
3471418,Found
3471424,Found
3471428,Found
3471437,Found
3471599,Found
3471600,Found
3471605,Found
3471615,Found
3471791,Found
3471804,Found
3472165,Found
3472546,Found
3472643,Found
3472679,Found
3472682,Found
3472703,Found
3472785,Found
3472792,Found
3472937,Found
3473058,Found
3473115,Found
3473122,Found
3473675,Found
3474078,Found
3474129,Found
3474169,Found
3474226,Found
3474285,Found
3474331,Found
3474350,Found
3474524,Found
3474528,Found
3474542,Found
3474543,Found
3474547,Found
3474568,Found
3474833,Found
3474925,Found
3474977,Found
3475067,Found
3475159,Found
3475470,Found
3475471,Found
3475472,Found
3475473,Found
3475496,Found
3475557,Found
3475834,Found
3475835,Found
3476093,Found
3476140,Found
3476296,Found
3476350,Found
3476356,Found
3476364,Found
3476479,Found
3476588,Found
3476591,Found
3476683,Found
3476704,Found
3477214,Found
3477217,Found
3477222,Found
3477399,Found
3477437,Found
3478189,Found
3478263,Found
3478265,Found
3478268,Found
3478269,Found
3478280,Found
3478292,Found
3478330,Found
3478440,Found
3478661,Found
3478663,Found
3478697,Found
3478712,Found
3478736,Found
3478859,Found
3479046,Found
3479098,Found
3479103,Found
3479208,Found
3479222,Found
3479508,Found
3479553,Found
3479623,Found
3480196,Found
3480198,Found
3480327,Found
3480487,Found
3480647,Found
3480649,Found
3480651,Found
3480729,Found
3480953,Found
3480966,Found
3481095,Found
3481503,Found
3481781,Found
3481795,Found
3482055,Found
3482057,Found
3482058,Found
3482063,Found
3482243,Found
3482366,Found
3482464,Found
3482789,Found
3482793,Found
3483039,Found
3483054,Found
3483059,Found
3483081,Found
3483104,Found
3483297,Found
3483403,Found
3483404,Found
3484062,Found
3484064,Found
3484362,Found
3484365,Found
3484551,Found
3484668,Found
3484671,Found
3485060,Found
3485086,Found
3485088,Found
3485210,Found
3485214,Found
3485216,Found
3485226,Found
3485340,Found
3485696,Found
3485735,Found
3485744,Found
3485771,Found
3485772,Found
3485975,Found
3486140,Found
3486341,Found
3486418,Found
3486455,Found
3486456,Found
3486457,Found
3486542,Found
3486545,Found
3486636,Found
3486795,Found
3486823,Found
3486863,Found
3486876,Found
3486883,Found
3486886,Found
3486934,Found
3486939,Found
3486943,Found
3487043,Found
3487080,Found
3487302,Found
3487504,Found
3487581,Found
3487584,Found
3487702,Found
3487708,Found
3487779,Found
3487819,Found
3488069,Found
3488683,Found
3488935,Found
3488936,Found
3489318,Found
3489663,Found
3489783,Found
3489795,Found
3489857,Found
3489893,Found
3489964,Found
3490157,Found
3490310,Found
3490440,Found
3490454,Found
3490654,Found
3490663,Found
3490757,Found
3490772,Found
3491185,Found
3492210,Found
3492637,Found
3493077,Found
3493174,Found
3493288,Found
3493323,Found
3493381,Found
3493445,Found
3493713,Found
3493759,Found
3493861,Found
3494019,Found
3494057,Found
3494065,Found
3494099,Found
3494222,Found
3495126,Found
3495128,Found
3495131,Found
3495139,Found
3495176,Found
3495263,Found
3495269,Found
3495603,Found
3495782,Found
3495878,Found
3496253,Found
3496497,Found
3496501,Found
3496608,Found
3497037,Found
3497124,Found
3497127,Found
3497128,Found
3497152,Found
3498081,Found
3498732,Found
3498778,Found
3498943,Found
3499478,Found
3499998,Found
3500068,Found
3500123,Found
3500498,Found
3501199,Found
3501326,Found
3501492,Found
3501501,Found
3501841,Found
3502407,Found
3502410,Found
3502457,Found
3502832,Found
3503118,Found
3503234,Found
3503250,Found
3503294,Found
3503901,Found
3503945,Found
3504215,Found
3504307,Found
3504344,Found
3504347,Found
3504360,Found
3504385,Found
3504998,Found
3505004,Found
3505085,Found
3505089,Found
3505101,Found
3505107,Found
3505320,Found
3505486,Found
3505619,Found
3505847,Found
3505951,Found
3506375,Found
3506939,Found
3506949,Found
3507173,Found
3507317,Found
3507389,Found
3507432,Found
3507552,Found
3507556,Found
3507872,Found
3507873,Found
3508013,Found
3508072,Found
3508854,Found
3508866,Found
3509261,Found
3509363,Found
3509443,Found
3509521,NotFound
3509551,Found
3509680,Found
3509694,Found
3509744,Found
3509972,Found
3510073,Found
3510093,Found
3510431,Found
3510454,Found
3510568,Found
3510577,Found
3510593,Found
3510702,Found
3510706,Found
3510711,Found
3511021,Found
3511024,Found
3511041,Found
3511106,Found
3511284,Found
3511725,Found
3511782,Found
3511831,Found
3512001,Found
3512203,Found
3512288,Found
3512494,Found
3512621,Found
3512632,Found
3512638,Found
3512706,Found
3512822,Found
3513216,Found
3513491,Found
3513586,Found
3513648,Found
3513771,Found
3513987,Found
3514351,Found
3514741,Found
3515208,Found
3515213,Found
3515257,Found
3515367,Found
3515430,Found
3515443,Found
3515444,Found
3515521,Found
3515633,Found
3515715,Found
3515746,Found
3515802,Found
3515830,Found
3515876,Found
3515977,Found
3515981,Found
3515987,Found
3515990,Found
3515994,Found
3516136,Found
3516580,Found
3516977,Found
3517029,Found
3517171,Found
3517584,Found
3517728,Found
3517802,Found
3517831,Found
3517901,Found
3517992,Found
3518384,Found
3518386,Found
3518458,Found
3518607,Found
3518637,Found
3518726,Found
3518767,Found
3518803,Found
3518818,Found
3519018,Found
3519038,Found
3519112,Found
3519161,Found
3519164,Found
3519198,Found
3519588,Found
3519606,Found
3519668,Found
3519787,Found
3519987,Found
3520117,Found
3520209,Found
3520358,Found
3520391,Found
3520491,Found
3520522,Found
3520752,Found
3521383,Found
3521506,Found
3521589,Found
3521595,Found
3521604,Found
3521617,Found
3521643,Found
3521685,Found
3522003,Found
3522028,Found
3522899,Found
3523009,Found
3523050,Found
3523708,Found
3523745,Found
3523793,Found
3523996,Found
3524259,Found
3524334,Found
3524340,Found
3524359,Found
3524365,Found
3524375,Found
3524536,Found
3524542,Found
3524667,Found
3524675,Found
3524688,Found
3524768,Found
3524771,Found
3524952,Found
3524957,Found
3524960,Found
3524969,Found
3524973,Found
3525014,Found
3525018,Found
3525078,Found
3525079,Found
3525084,Found
3525136,Found
3525305,Found
3525634,Found
3525758,Found
3525760,Found
3525869,Found
3525924,Found
3525991,Found
3526024,Found
3526033,Found
3526061,Found
3526095,Found
3526144,Found
3526192,Found
3526315,Found
3526331,Found
3526356,Found
3526555,Found
3526690,Found
3526854,Found
3527189,Found
3527273,Found
3527282,Found
3527283,Found
3527286,Found
3527308,Found
3527313,Found
3527331,Found
3527394,Found
3527416,Found
3527418,Found
3527980,Found
3528618,Found
3528646,Found
3528797,Found
3528843,Found
3529381,Found
3529492,Found
3529504,Found
3529520,Found
3529855,Found
3529895,Found
3529910,Found
3530052,Found
3530060,Found
3530065,Found
3530070,Found
3530131,Found
3530133,Found
3530266,Found
3530945,Found
3531172,Found
3531451,Found
3531571,Found
3531801,Found
3532030,Found
3532040,Found
3532057,Found
3532063,Found
3532187,Found
3532290,Found
3532296,Found
3532299,Found
3532324,Found
3532529,Found
3532574,Found
3532596,Found
3532972,Found
3533257,Found
3533291,Found
3533307,Found
3533422,Found
3533426,Found
3533438,Found
3533524,Found
3533573,Found
3533705,Found
3533711,Found
3533718,Found
3533723,Found
3534220,Found
3534223,Found
3534493,Found
3534495,Found
3534646,Found
3535029,Found
3535031,Found
3535109,Found
3535187,Found
3535211,Found
3535780,Found
3535966,Found
3535971,Found
3536005,Found
3536006,Found
3536007,Found
3536120,Found
3536146,Found
3536164,Found
3536171,Found
3536172,Found
3536338,Found
3536518,Found
3536525,Found
3537005,Found
3537361,Found
3537707,Found
3537937,Found
3538080,Found
3538266,Found
3538302,Found
3538310,Found
3538349,Found
3538350,Found
3538580,Found
3538657,Found
3538743,Found
3538747,Found
3538992,Found
3539303,Found
3540132,Found
3540169,Found
3540868,Found
3540929,Found
3540941,Found
3540943,Found
3541318,Found
3541436,Found
3541456,Found
3541616,Found
3541618,Found
3541629,Found
3541642,Found
3541673,Found
3541982,Found
3542103,Found
3542212,Found
3542288,Found
3542294,Found
3542861,Found
3542868,Found
3542871,Found
3542886,Found
3542890,Found
3542893,Found
3543270,Found
3543281,Found
3543500,Found
3543603,Found
3543707,Found
3544128,Found
3544134,Found
3544379,Found
3544399,Found
3544662,Found
3544679,Found
3545135,Found
3545220,Found
3545870,Found
3545873,Found
3546011,Found
3546242,Found
3547159,Found
3547162,Found
3547440,Found
3547550,Found
3547552,Found
3547558,Found
3547560,Found
3547567,Found
3547638,Found
3549351,Found
3549462,Found
3549788,Found
3549790,Found
3549846,Found
3550010,Found
3550028,Found
3550168,Found
3550357,Found
3550360,Found
3550711,Found
3550880,Found
3550885,Found
3551032,Found
3551042,Found
3551142,Found
3551604,Found
3551630,Found
3551636,Found
3551725,Found
3551737,Found
3551773,NotFound
3551800,Found
3552094,Found
3552303,Found
3552355,Found
3552386,Found
3552501,Found
3552635,Found
3552748,Found
3552802,Found
3552910,Found
3553088,Found
3553139,Found
3553260,Found
3553266,Found
3553286,Found
3553338,Found
3553780,Found
3553932,Found
3554750,Found
3555059,Found
3555175,Found
3555534,Found
3555627,Found
3555689,Found
3555901,Found
3555910,Found
3555947,Found
3555956,Found
3556313,Found
3556335,Found
3556337,Found
3556347,Found
3556483,Found
3556544,Found
3556546,Found
3556551,Found
3556561,Found
3556596,Found
3556694,Found
3556707,Found
3556715,Found
3556718,Found
3556837,Found
3557572,Found
3557634,Found
3557682,Found
3557783,Found
3557920,Found
3558429,Found
3558517,Found
3558534,Found
3558555,Found
3558605,Found
3558614,Found
3558735,Found
3559152,Found
3559202,Found
3559219,Found
3559684,Found
3559688,Found
3559703,Found
3560060,Found
3560233,Found
3560344,Found
3560642,Found
3560725,Found
3560729,Found
3560781,Found
3560790,Found
3560803,Found
3560871,Found
3560873,Found
3560877,Found
3560880,Found
3560882,Found
3561098,Found
3561099,Found
3561100,Found
3561105,Found
3561113,Found
3561238,Found
3561272,Found
3561484,Found
3561813,Found
3561987,Found
3562176,Found
3562488,Found
3562662,Found
3563073,Found
3563676,Found
3563708,Found
3563715,Found
3563721,Found
3563723,Found
3563732,Found
3563749,Found
3563852,Found
3564798,Found
3565050,Found
3565264,Found
3565583,Found
3565585,Found
3565673,Found
3565707,Found
3565764,Found
3565768,Found
3565990,Found
3566471,Found
3566473,Found
3566475,Found
3566669,Found
3566672,Found
3566729,Found
3566975,Found
3566977,Found
3567038,Found
3567163,Found
3567203,Found
3567211,Found
3567215,Found
3567221,Found
3567225,Found
3567390,Found
3567715,Found
3567823,Found
3567827,Found
3568044,Found
3568047,Found
3568086,Found
3568325,Found
3568367,Found
3568383,Found
3568600,Found
3569143,Found
3569307,Found
3569671,Found
3569714,Found
3569729,Found
3569749,Found
3570041,Found
3570055,Found
3570206,Found
3570424,Found
3570428,Found
3570432,Found
3570445,Found
3570711,Found
3570754,Found
3570993,Found
3571187,Found
3571276,Found
3571401,Found
3571436,Found
3571458,Found
3571465,Found
3571534,Found
3571641,Found
3571898,Found
3572116,Found
3572125,Found
3572133,Found
3572138,Found
3572226,Found
3572266,Found
3572414,Found
3572418,Found
3572423,Found
3572470,Found
3572481,Found
3572587,Found
3572622,Found
3572756,Found
3572892,Found
3573111,Found
3573278,Found
3573333,Found
3573334,Found
3573336,Found
3573339,Found
3573555,Found
3573642,Found
3573645,Found
3573728,Found
3573799,Found
3573907,Found
3574431,Found
3574481,Found
3574676,Found
3574684,Found
3574685,Found
3574692,Found
3574799,Found
3575241,Found
3575636,Found
3575906,Found
3576423,Found
3576508,Found
3576560,Found
3576684,Found
3576701,Found
3576874,Found
3577384,Found
3577442,Found
3577451,Found
